{
  "Ansi 7 Color (Light)" : {
    "Green Component" : 0.73333334922790527,
    "Blue Component" : 0.73333334922790527,
    "Red Component" : 0.73333334922790527
  },
  "Ansi 15 Color (Light)" : {
    "Green Component" : 1,
    "Blue Component" : 1,
    "Red Component" : 1
  },
  "Ansi 2 Color (Light)" : {
    "Green Component" : 0.73333334922790527,
    "Blue Component" : 0,
    "Red Component" : 0
  },
  "Bold Color" : {
    "Red Component" : 0.062745101749897003,
    "Color Space" : "sRGB",
    "Blue Component" : 0.062745101749897003,
    "Alpha Component" : 1,
    "Green Component" : 0.062745101749897003
  },
  "Ansi 1 Color (Dark)" : {
    "Red Component" : 0.80392156862745101,
    "Color Space" : "P3",
    "Blue Component" : 0.19215686274509805,
    "Alpha Component" : 1,
    "Green Component" : 0.19215686274509805
  },
  "Use Bright Bold" : true,
  "Ansi 9 Color (Light)" : {
    "Green Component" : 0.3333333432674408,
    "Blue Component" : 0.3333333432674408,
    "Red Component" : 1
  },
  "Ansi 8 Color (Dark)" : {
    "Red Component" : 0.14117647058823529,
    "Color Space" : "P3",
    "Blue Component" : 0.30980392156862746,
    "Alpha Component" : 1,
    "Green Component" : 0.23529411764705882
  },
  "Background Color" : {
    "Red Component" : 0.97999999999999998,
    "Color Space" : "sRGB",
    "Blue Component" : 0.97999999999999998,
    "Alpha Component" : 1,
    "Green Component" : 0.97999999999999998
  },
  "Columns" : 130,
  "Ansi 8 Color" : {
    "Red Component" : 0.40781760215759277,
    "Color Space" : "sRGB",
    "Blue Component" : 0.4078223705291748,
    "Alpha Component" : 1,
    "Green Component" : 0.40782788395881653
  },
  "Badge Text" : "Local",
  "Right Option Key Sends" : 0,
  "Ansi 4 Color (Light)" : {
    "Green Component" : 0,
    "Blue Component" : 0.73333334922790527,
    "Red Component" : 0
  },
  "Blinking Cursor" : false,
  "Selected Text Color (Light)" : {
    "Green Component" : 0,
    "Blue Component" : 0,
    "Red Component" : 0
  },
  "Selected Text Color (Dark)" : {
    "Green Component" : 0,
    "Blue Component" : 0,
    "Red Component" : 0
  },
  "Cursor Type" : 2,
  "Keyboard Map" : {

  },
  "Ansi 3 Color (Dark)" : {
    "Red Component" : 0.89803921568627454,
    "Color Space" : "P3",
    "Blue Component" : 0.062745098039215685,
    "Alpha Component" : 1,
    "Green Component" : 0.89803921568627454
  },
  "Visual Bell" : true,
  "Cursor Text Color" : {
    "Red Component" : 1,
    "Color Space" : "sRGB",
    "Blue Component" : 1,
    "Alpha Component" : 1,
    "Green Component" : 1
  },
  "Scrollback Lines" : 1000,
  "Selection Color (Light)" : {
    "Green Component" : 0.8353000283241272,
    "Blue Component" : 1,
    "Red Component" : 0.70980000495910645
  },
  "Ansi 0 Color" : {
    "Red Component" : 0.078431375324726105,
    "Color Space" : "sRGB",
    "Blue Component" : 0.11764705926179886,
    "Alpha Component" : 1,
    "Green Component" : 0.098039217293262482
  },
  "Match Background Color (Dark)" : {
    "Red Component" : 0.99697142839431763,
    "Color Space" : "P3",
    "Blue Component" : 0.32116127014160156,
    "Alpha Component" : 1,
    "Green Component" : 0.98600882291793823
  },
  "Ansi 11 Color (Light)" : {
    "Green Component" : 1,
    "Blue Component" : 0.3333333432674408,
    "Red Component" : 1
  },
  "Ansi 5 Color (Dark)" : {
    "Red Component" : 0.73725490196078436,
    "Color Space" : "P3",
    "Blue Component" : 0.73725490196078436,
    "Alpha Component" : 1,
    "Green Component" : 0.24705882352941178
  },
  "Cursor Text Color (Light)" : {
    "Green Component" : 1,
    "Blue Component" : 1,
    "Red Component" : 1
  },
  "Silence Bell" : false,
  "Rows" : 35,
  "Guid" : "B25FCC84-87E5-4EEA-8145-8775CDEC3EC1",
  "Ansi 14 Color (Dark)" : {
    "Red Component" : 0.16078431372549021,
    "Color Space" : "P3",
    "Blue Component" : 0.85882352941176465,
    "Alpha Component" : 1,
    "Green Component" : 0.72156862745098038
  },
  "Ansi 15 Color (Dark)" : {
    "Green Component" : 1,
    "Blue Component" : 1,
    "Red Component" : 1
  },
  "Ansi 0 Color (Dark)" : {
    "Red Component" : 0,
    "Color Space" : "P3",
    "Blue Component" : 0,
    "Alpha Component" : 1,
    "Green Component" : 0
  },
  "Ambiguous Double Width" : false,
  "Option Key Sends" : 0,
  "Ansi 3 Color" : {
    "Red Component" : 0.78058648109436035,
    "Color Space" : "sRGB",
    "Blue Component" : 0,
    "Alpha Component" : 1,
    "Green Component" : 0.76959484815597534
  },
  "Window Type" : 0,
  "BM Growl" : true,
  "Prompt Before Closing 2" : false,
  "Command" : "",
  "Selected Text Color" : {
    "Red Component" : 0,
    "Color Space" : "sRGB",
    "Blue Component" : 0,
    "Alpha Component" : 1,
    "Green Component" : 0
  },
  "Ansi 14 Color (Light)" : {
    "Green Component" : 1,
    "Blue Component" : 1,
    "Red Component" : 0.3333333432674408
  },
  "Cursor Guide Color (Dark)" : {
    "Red Component" : 0.74862593412399292,
    "Color Space" : "P3",
    "Blue Component" : 0.99125725030899048,
    "Alpha Component" : 0.25,
    "Green Component" : 0.92047786712646484
  },
  "ASCII Ligatures" : true,
  "Send Code When Idle" : false,
  "Ansi 6 Color" : {
    "Red Component" : 0,
    "Color Space" : "sRGB",
    "Blue Component" : 0.78166204690933228,
    "Alpha Component" : 1,
    "Green Component" : 0.77425903081893921
  },
  "Jobs to Ignore" : [
    "rlogin",
    "ssh",
    "slogin",
    "telnet"
  ],
  "Badge Color (Dark)" : {
    "Red Component" : 0.92929404973983765,
    "Color Space" : "P3",
    "Blue Component" : 0.13960540294647217,
    "Alpha Component" : 0.5,
    "Green Component" : 0.25479039549827576
  },
  "Cursor Color" : {
    "Red Component" : 0,
    "Color Space" : "sRGB",
    "Blue Component" : 0,
    "Alpha Component" : 1,
    "Green Component" : 0
  },
  "Vertical Spacing" : 1.1000000000000001,
  "Bound Hosts" : [

  ],
  "Disable Window Resizing" : true,
  "Close Sessions On End" : true,
  "Selection Color (Dark)" : {
    "Green Component" : 0.8353000283241272,
    "Blue Component" : 1,
    "Red Component" : 0.70980000495910645
  },
  "Default Bookmark" : "No",
  "Foreground Color (Light)" : {
    "Green Component" : 0.73333334922790527,
    "Blue Component" : 0.73333334922790527,
    "Red Component" : 0.73333334922790527
  },
  "Custom Command" : "No",
  "Background Color (Dark)" : {
    "Red Component" : 0.11372549019607843,
    "Color Space" : "P3",
    "Blue Component" : 0.12941176470588237,
    "Alpha Component" : 1,
    "Green Component" : 0.12156862745098039
  },
  "Ansi 9 Color" : {
    "Red Component" : 0.8659515380859375,
    "Color Space" : "sRGB",
    "Blue Component" : 0.45833224058151245,
    "Alpha Component" : 1,
    "Green Component" : 0.47524076700210571
  },
  "Ansi 14 Color" : {
    "Red Component" : 0.37597531080245972,
    "Color Space" : "sRGB",
    "Blue Component" : 1,
    "Alpha Component" : 1,
    "Green Component" : 0.99263292551040649
  },
  "Flashing Bell" : false,
  "Use Italic Font" : true,
  "Ansi 13 Color (Dark)" : {
    "Red Component" : 0.83921568627450982,
    "Color Space" : "P3",
    "Blue Component" : 0.83921568627450982,
    "Alpha Component" : 1,
    "Green Component" : 0.4392156862745098
  },
  "Cursor Guide Color (Light)" : {
    "Red Component" : 0.74862593412399292,
    "Color Space" : "P3",
    "Blue Component" : 0.99125725030899048,
    "Alpha Component" : 0.25,
    "Green Component" : 0.92047786712646484
  },
  "Ansi 12 Color" : {
    "Red Component" : 0.65349078178405762,
    "Color Space" : "sRGB",
    "Blue Component" : 0.9485321044921875,
    "Alpha Component" : 1,
    "Green Component" : 0.67044717073440552
  },
  "Ansi 10 Color (Light)" : {
    "Green Component" : 1,
    "Blue Component" : 0.3333333432674408,
    "Red Component" : 0.3333333432674408
  },
  "Animate Movement" : false,
  "Non-ASCII Anti Aliased" : true,
  "Ansi 10 Color" : {
    "Red Component" : 0.3450070321559906,
    "Color Space" : "sRGB",